config,window_size,max_disparity,aggregate_window,images,avg_mae,avg_rmse,avg_p50_abs_diff,avg_p90_abs_diff,avg_corr,avg_time_midas_s,avg_time_stereo_s,avg_time_compare_s,avg_time_total_s
w5_d48_a7,5,48,7,4,0.25085414573550224,0.31255148351192474,0.21010037139058113,0.5209343135356903,0.3826933734289716,4.323620206749183,0.8633750419994612,0.018581650250780513,5.205576898999425
w7_d64_a9,7,64,9,4,0.16219684854149818,0.23594069853425026,0.11100149340927601,0.38856184482574463,0.6359909305425933,4.5965643109993835,1.1740295747486016,0.020984933498766623,5.791578819246752
w7_d96_a9,7,96,9,4,0.13546927273273468,0.20845256000757217,0.08479947224259377,0.32088302075862885,0.6703627991310781,4.599434892998943,1.8387396252501276,0.02217369349909859,6.460348211748169
w7_d64_a11,7,64,11,4,0.15669308230280876,0.2282962128520012,0.1088908463716507,0.3600394055247307,0.6610291818363698,3.69151932774912,0.9828693522513277,0.017683284750091843,4.692071964750539
w5_d64_a9,5,64,9,4,0.16721507534384727,0.24257605522871017,0.11264453083276749,0.4125508666038513,0.6094497276305855,3.5708361860006335,0.8571746164989236,0.016444643500108214,4.444455445999665
