{
  "device": "cuda",
  "images": 20,
  "midas_model_load_s": 6.082666199999949,
  "warmup_enabled": false,
  "csv_metrics": "C:\\Users\\Nifdi Guliyev\\Documents\\GitHub\\CVProject2\\outputs\\subtask1_compare_metrics.csv",
  "csv_summary": "C:\\Users\\Nifdi Guliyev\\Documents\\GitHub\\CVProject2\\outputs\\subtask1_compare_summary.csv",
  "configs": {
    "w5_d48_a7": {
      "config": "w5_d48_a7",
      "window_size": 5,
      "max_disparity": 48,
      "aggregate_window": 7,
      "images": 4,
      "avg_mae": 0.28859109431505203,
      "avg_rmse": 0.36912498623132706,
      "avg_p50_abs_diff": 0.23127557337284088,
      "avg_p90_abs_diff": 0.6416782140731812,
      "avg_corr": 0.20036885133153176,
      "avg_time_midas_s": 0.35859789999994973,
      "avg_time_stereo_s": 1.1071237999994992,
      "avg_time_compare_s": 0.03578757499963103,
      "avg_time_total_s": 1.50150927499908
    },
    "w7_d64_a9": {
      "config": "w7_d64_a9",
      "window_size": 7,
      "max_disparity": 64,
      "aggregate_window": 9,
      "images": 4,
      "avg_mae": 0.26850856840610504,
      "avg_rmse": 0.3505319058895111,
      "avg_p50_abs_diff": 0.20399609953165054,
      "avg_p90_abs_diff": 0.615715280175209,
      "avg_corr": 0.262087849183802,
      "avg_time_midas_s": 0.2864879500002644,
      "avg_time_stereo_s": 1.437882449999961,
      "avg_time_compare_s": 0.04190707499947166,
      "avg_time_total_s": 1.766277474999697
    },
    "w7_d96_a9": {
      "config": "w7_d96_a9",
      "window_size": 7,
      "max_disparity": 96,
      "aggregate_window": 9,
      "images": 4,
      "avg_mae": 0.26036524400115013,
      "avg_rmse": 0.34396403282880783,
      "avg_p50_abs_diff": 0.19425741583108902,
      "avg_p90_abs_diff": 0.6107083708047867,
      "avg_corr": 0.2884586769056952,
      "avg_time_midas_s": 0.43827020000026096,
      "avg_time_stereo_s": 2.164599325000381,
      "avg_time_compare_s": 0.03571330000067974,
      "avg_time_total_s": 2.638582825001322
    },
    "w7_d64_a11": {
      "config": "w7_d64_a11",
      "window_size": 7,
      "max_disparity": 64,
      "aggregate_window": 11,
      "images": 4,
      "avg_mae": 0.2648809552192688,
      "avg_rmse": 0.3465188592672348,
      "avg_p50_abs_diff": 0.20082936063408852,
      "avg_p90_abs_diff": 0.6088305860757828,
      "avg_corr": 0.2764455707787549,
      "avg_time_midas_s": 0.3310723250006049,
      "avg_time_stereo_s": 1.3337758249990657,
      "avg_time_compare_s": 0.02908562499942491,
      "avg_time_total_s": 1.6939337749990955
    },
    "w5_d64_a9": {
      "config": "w5_d64_a9",
      "window_size": 5,
      "max_disparity": 64,
      "aggregate_window": 9,
      "images": 4,
      "avg_mae": 0.27179786190390587,
      "avg_rmse": 0.35381875187158585,
      "avg_p50_abs_diff": 0.2075599618256092,
      "avg_p90_abs_diff": 0.6193952560424805,
      "avg_corr": 0.2473082373036213,
      "avg_time_midas_s": 0.28438632500001404,
      "avg_time_stereo_s": 1.0570954500008156,
      "avg_time_compare_s": 0.03542525000102614,
      "avg_time_total_s": 1.3769070250018558
    }
  }
}