{
  "device": "cpu",
  "images": 20,
  "midas_model_load_s": 4.741213608998805,
  "warmup_enabled": false,
  "csv_metrics": "/home/nifdi/Documents/GitHub/CVProject2/outputs/subtask1_compare_metrics.csv",
  "csv_summary": "/home/nifdi/Documents/GitHub/CVProject2/outputs/subtask1_compare_summary.csv",
  "configs": {
    "w5_d48_a7": {
      "config": "w5_d48_a7",
      "window_size": 5,
      "max_disparity": 48,
      "aggregate_window": 7,
      "images": 4,
      "avg_mae": 0.25085414573550224,
      "avg_rmse": 0.31255148351192474,
      "avg_p50_abs_diff": 0.21010037139058113,
      "avg_p90_abs_diff": 0.5209343135356903,
      "avg_corr": 0.3826933734289716,
      "avg_time_midas_s": 4.323620206749183,
      "avg_time_stereo_s": 0.8633750419994612,
      "avg_time_compare_s": 0.018581650250780513,
      "avg_time_total_s": 5.205576898999425
    },
    "w7_d64_a9": {
      "config": "w7_d64_a9",
      "window_size": 7,
      "max_disparity": 64,
      "aggregate_window": 9,
      "images": 4,
      "avg_mae": 0.16219684854149818,
      "avg_rmse": 0.23594069853425026,
      "avg_p50_abs_diff": 0.11100149340927601,
      "avg_p90_abs_diff": 0.38856184482574463,
      "avg_corr": 0.6359909305425933,
      "avg_time_midas_s": 4.5965643109993835,
      "avg_time_stereo_s": 1.1740295747486016,
      "avg_time_compare_s": 0.020984933498766623,
      "avg_time_total_s": 5.791578819246752
    },
    "w7_d96_a9": {
      "config": "w7_d96_a9",
      "window_size": 7,
      "max_disparity": 96,
      "aggregate_window": 9,
      "images": 4,
      "avg_mae": 0.13546927273273468,
      "avg_rmse": 0.20845256000757217,
      "avg_p50_abs_diff": 0.08479947224259377,
      "avg_p90_abs_diff": 0.32088302075862885,
      "avg_corr": 0.6703627991310781,
      "avg_time_midas_s": 4.599434892998943,
      "avg_time_stereo_s": 1.8387396252501276,
      "avg_time_compare_s": 0.02217369349909859,
      "avg_time_total_s": 6.460348211748169
    },
    "w7_d64_a11": {
      "config": "w7_d64_a11",
      "window_size": 7,
      "max_disparity": 64,
      "aggregate_window": 11,
      "images": 4,
      "avg_mae": 0.15669308230280876,
      "avg_rmse": 0.2282962128520012,
      "avg_p50_abs_diff": 0.1088908463716507,
      "avg_p90_abs_diff": 0.3600394055247307,
      "avg_corr": 0.6610291818363698,
      "avg_time_midas_s": 3.69151932774912,
      "avg_time_stereo_s": 0.9828693522513277,
      "avg_time_compare_s": 0.017683284750091843,
      "avg_time_total_s": 4.692071964750539
    },
    "w5_d64_a9": {
      "config": "w5_d64_a9",
      "window_size": 5,
      "max_disparity": 64,
      "aggregate_window": 9,
      "images": 4,
      "avg_mae": 0.16721507534384727,
      "avg_rmse": 0.24257605522871017,
      "avg_p50_abs_diff": 0.11264453083276749,
      "avg_p90_abs_diff": 0.4125508666038513,
      "avg_corr": 0.6094497276305855,
      "avg_time_midas_s": 3.5708361860006335,
      "avg_time_stereo_s": 0.8571746164989236,
      "avg_time_compare_s": 0.016444643500108214,
      "avg_time_total_s": 4.444455445999665
    }
  }
}